"날짜","종가","시가","고가","저가","거래량","변동 %"
"2024- 05- 01","15,605.48","15,646.09","15,923.29","15,558.16","1.12B","-0.33%"
"2024- 04- 30","15,657.82","15,920.89","15,978.84","15,657.71","1.14B","-2.04%"
"2024- 04- 29","15,983.08","16,005.67","16,020.54","15,886.30","948.84M","0.35%"
"2024- 04- 26","15,927.90","15,821.33","15,981.00","15,773.42","936.60M","2.03%"
"2024- 04- 25","15,611.76","15,375.26","15,644.51","15,343.91","972.67M","-0.64%"
"2024- 04- 24","15,712.75","15,799.44","15,838.79","15,635.22","944.86M","0.10%"
"2024- 04- 23","15,696.64","15,525.55","15,730.18","15,511.43","971.68M","1.59%"
"2024- 04- 22","15,451.30","15,394.54","15,538.82","15,265.95","923.32M","1.11%"
"2024- 04- 19","15,282.01","15,548.78","15,575.68","15,223.16","1.11B","-2.05%"
"2024- 04- 18","15,601.50","15,705.70","15,786.01","15,587.63","929.56M","-0.52%"
"2024- 04- 17","15,683.37","15,942.44","15,957.03","15,654.88","892.62M","-1.15%"
"2024- 04- 16","15,865.25","15,864.68","15,965.79","15,822.47","906.55M","-0.12%"
"2024- 04- 15","15,885.02","16,276.47","16,294.80","15,863.89","977.01M","-1.79%"
"2024- 04- 12","16,175.09","16,293.03","16,341.39","16,125.46","902.63M","-1.62%"
"2024- 04- 11","16,442.20","16,237.64","16,463.93","16,154.86","883.38M","1.68%"
"2024- 04- 10","16,170.36","16,104.01","16,199.58","16,092.37","987.74M","-0.84%"
"2024- 04- 09","16,306.64","16,328.76","16,347.81","16,141.92","881.92M","0.32%"
"2024- 04- 08","16,253.96","16,284.48","16,323.40","16,220.72","846.83M","0.03%"
"2024- 04- 05","16,248.52","16,095.40","16,325.98","16,080.83","898.01M","1.24%"
"2024- 04- 04","16,049.08","16,418.57","16,468.04","16,047.63","1.06B","-1.40%"
"2024- 04- 03","16,277.46","16,176.00","16,340.62","16,170.00","997.70M","0.23%"
"2024- 04- 02","16,240.45","16,200.10","16,251.29","16,138.51","1.03B","-0.95%"
"2024- 04- 01","16,396.83","16,397.46","16,490.02","16,328.02","924.21M","0.11%"
"2024- 03- 28","16,379.46","16,377.23","16,420.78","16,347.38","1.22B","-0.12%"
"2024- 03- 27","16,399.52","16,410.70","16,413.93","16,279.48","982.31M","0.51%"
"2024- 03- 26","16,315.70","16,459.99","16,475.14","16,314.63","997.56M","-0.42%"
"2024- 03- 25","16,384.47","16,335.30","16,441.13","16,316.12","892.04M","-0.27%"
"2024- 03- 22","16,428.82","16,387.73","16,467.48","16,361.30","875.02M","0.16%"
"2024- 03- 21","16,401.84","16,517.24","16,538.39","16,394.85","1.05B","0.20%"
"2024- 03- 20","16,369.41","16,185.76","16,377.44","16,127.48","1.03B","1.25%"
"2024- 03- 19","16,166.79","16,031.93","16,175.59","15,951.86","1.04B","0.39%"
"2024- 03- 18","16,103.45","16,154.92","16,247.59","16,094.17","1.04B","0.82%"
"2024- 03- 15","15,973.17","16,043.58","16,055.33","15,925.91","3.07B","-0.96%"
"2024- 03- 14","16,128.53","16,209.19","16,245.32","16,039.68","1.18B","-0.30%"
"2024- 03- 13","16,177.77","16,220.11","16,233.29","16,143.34","1.09B","-0.54%"
"2024- 03- 12","16,265.64","16,116.98","16,275.45","15,992.98","1.02B","1.54%"
"2024- 03- 11","16,019.27","16,052.63","16,085.95","15,978.04","970.77M","-0.41%"
"2024- 03- 08","16,085.11","16,322.10","16,449.70","16,059.50","1.09B","-1.16%"
"2024- 03- 07","16,273.38","16,147.32","16,309.02","16,096.01","1.03B","1.51%"
"2024- 03- 06","16,031.54","16,092.00","16,128.56","15,956.66","1.11B","0.58%"
"2024- 03- 05","15,939.59","16,077.74","16,087.57","15,862.63","1.16B","-1.65%"
"2024- 03- 04","16,207.51","16,264.21","16,289.06","16,199.06","1.17B","-0.41%"
"2024- 03- 01","16,274.94","16,109.83","16,302.24","16,096.60","1.10B","1.14%"
"2024- 02- 29","16,091.92","16,059.34","16,115.96","15,931.70","1.65B","0.90%"
"2024- 02- 28","15,947.74","15,969.14","16,003.56","15,924.72","1.10B","-0.55%"
"2024- 02- 27","16,035.30","16,013.98","16,046.10","15,940.51","1.10B","0.37%"
"2024- 02- 26","15,976.25","16,014.45","16,054.90","15,973.90","1.06B","-0.13%"
"2024- 02- 23","15,996.82","16,094.80","16,134.22","15,954.50","1.00B","-0.28%"
"2024- 02- 22","16,041.62","15,904.48","16,061.82","15,869.24","1.14B","2.96%"
"2024- 02- 21","15,580.87","15,532.12","15,583.68","15,451.65","984.02M","-0.32%"
"2024- 02- 20","15,630.78","15,679.84","15,730.47","15,508.50","1.10B","-0.92%"
"2024- 02- 16","15,775.65","15,910.43","15,917.41","15,752.02","1.12B","-0.82%"
"2024- 02- 15","15,906.17","15,865.30","15,911.22","15,779.71","1.22B","0.30%"
"2024- 02- 14","15,859.15","15,781.71","15,865.51","15,683.94","1.08B","1.30%"
"2024- 02- 13","15,655.60","15,598.88","15,770.42","15,551.44","1.21B","-1.80%"
"2024- 02- 12","15,942.54","15,980.62","16,080.07","15,917.87","1.09B","-0.30%"
"2024- 02- 09","15,990.66","15,842.38","16,007.29","15,831.76","1.08B","1.25%"
"2024- 02- 08","15,793.71","15,762.23","15,813.27","15,739.18","1.02B","0.24%"
"2024- 02- 07","15,756.64","15,690.35","15,770.67","15,645.80","943.13M","0.95%"
"2024- 02- 06","15,609.00","15,638.19","15,652.75","15,515.25","931.55M","0.07%"
"2024- 02- 05","15,597.68","15,613.99","15,637.88","15,471.68","923.28M","-0.20%"
"2024- 02- 02","15,628.95","15,403.16","15,664.21","15,366.78","956.87M","1.74%"
"2024- 02- 01","15,361.64","15,254.02","15,372.13","15,208.88","1.01B","1.30%"
"2024- 01- 31","15,164.01","15,324.19","15,405.55","15,158.49","1.29B","-2.23%"
"2024- 01- 30","15,509.90","15,604.08","15,619.23","15,484.67","915.72M","-0.76%"
"2024- 01- 29","15,628.04","15,470.66","15,630.58","15,449.87","959.39M","1.12%"
"2024- 01- 26","15,455.36","15,474.85","15,538.84","15,433.04","857.50M","-0.36%"
"2024- 01- 25","15,510.50","15,555.62","15,597.25","15,430.68","998.98M","0.18%"
"2024- 01- 24","15,481.92","15,560.61","15,629.07","15,468.91","932.89M","0.36%"
"2024- 01- 23","15,425.94","15,391.41","15,432.35","15,337.23","959.54M","0.43%"
"2024- 01- 22","15,360.29","15,393.05","15,438.85","15,333.63","1.04B","0.32%"
"2024- 01- 19","15,310.97","15,122.38","15,310.97","15,087.20","1.14B","1.70%"
"2024- 01- 18","15,055.65","14,994.52","15,066.81","14,911.11","1.04B","1.35%"
"2024- 01- 17","14,855.62","14,814.77","14,865.76","14,706.23","944.50M","-0.59%"
"2024- 01- 16","14,944.35","14,908.26","15,004.35","14,863.81","1.10B","-0.19%"
"2024- 01- 12","14,972.76","15,001.01","15,047.25","14,931.88","865.51M","0.02%"
"2024- 01- 11","14,970.18","15,020.95","15,063.61","14,800.38","1.00B","0.00%"
"2024- 01- 10","14,969.65","14,877.70","14,998.20","14,842.70","904.43M","0.75%"
"2024- 01- 09","14,857.71","14,744.13","14,894.32","14,716.71","959.65M","0.09%"
"2024- 01- 08","14,843.77","14,564.47","14,846.90","14,560.20","1.14B","2.20%"
"2024- 01- 05","14,524.07","14,500.11","14,625.19","14,477.57","1.01B","0.09%"
"2024- 01- 04","14,510.30","14,532.23","14,632.77","14,504.78","1.04B","-0.56%"
"2024- 01- 03","14,592.21","14,641.47","14,694.58","14,577.44","1.06B","-1.18%"
"2024- 01- 02","14,765.94","14,873.70","14,887.80","14,682.38","1.08B","-1.63%"
"2023- 12- 29","15,011.35","15,099.19","15,111.41","14,955.37","1.04B","-0.56%"
"2023- 12- 28","15,095.14","15,142.09","15,150.07","15,087.22","907.14M","-0.03%"
"2023- 12- 27","15,099.18","15,089.66","15,114.08","15,051.67","1.07B","0.16%"
"2023- 12- 26","15,074.57","15,028.69","15,101.18","15,024.06","871.34M","0.54%"
"2023- 12- 22","14,992.97","15,006.18","15,047.19","14,927.12","880.44M","0.19%"
"2023- 12- 21","14,963.87","14,923.14","14,970.81","14,837.47","945.08M","1.26%"
"2023- 12- 20","14,777.94","14,973.36","15,069.29","14,776.29","1.20B","-1.50%"
"2023- 12- 19","15,003.22","14,923.02","15,003.80","14,921.60","1.13B","0.66%"
"2023- 12- 18","14,905.19","14,814.02","14,938.04","14,811.82","1.15B","0.62%"
"2023- 12- 15","14,813.92","14,797.46","14,848.41","14,753.16","3.35B","0.35%"
"2023- 12- 14","14,761.56","14,798.72","14,855.62","14,642.23","1.58B","0.19%"
"2023- 12- 13","14,733.96","14,555.68","14,743.56","14,517.52","1.13B","1.38%"
"2023- 12- 12","14,533.40","14,423.01","14,533.40","14,385.39","939.56M","0.70%"
"2023- 12- 11","14,432.49","14,340.13","14,436.08","14,324.57","1.05B","0.20%"
"2023- 12- 08","14,403.97","14,279.45","14,416.92","14,264.96","997.65M","0.45%"
"2023- 12- 07","14,339.99","14,230.43","14,353.11","14,220.87","1.05B","1.37%"
"2023- 12- 06","14,146.71","14,325.62","14,327.64","14,138.51","1.02B","-0.58%"
"2023- 12- 05","14,229.91","14,126.40","14,285.66","14,121.76","1.11B","0.31%"
"2023- 12- 04","14,185.49","14,168.66","14,197.52","14,058.52","1.18B","-0.84%"
"2023- 12- 01","14,305.03","14,181.35","14,311.95","14,135.00","1.09B","0.55%"
"2023- 11- 30","14,226.22","14,265.05","14,289.20","14,127.06","1.53B","-0.23%"
"2023- 11- 29","14,258.49","14,367.11","14,423.22","14,247.89","979.43M","-0.16%"
"2023- 11- 28","14,281.76","14,224.63","14,303.66","14,195.72","870.61M","0.29%"
"2023- 11- 27","14,241.02","14,239.31","14,305.71","14,205.24","839.28M","-0.07%"
"2023- 11- 24","14,250.85","14,238.03","14,270.28","14,214.13","441.68M","-0.11%"
"2023- 11- 22","14,265.86","14,283.82","14,359.61","14,226.63","717.39M","0.46%"
"2023- 11- 21","14,199.98","14,217.23","14,237.50","14,146.31","815.37M","-0.59%"
"2023- 11- 20","14,284.53","14,134.75","14,309.80","14,134.20","902.05M","1.13%"
"2023- 11- 17","14,125.48","14,101.43","14,154.32","14,063.93","946.66M","0.08%"
"2023- 11- 16","14,113.67","14,066.88","14,130.45","14,033.79","925.11M","0.07%"
"2023- 11- 15","14,103.84","14,147.27","14,194.36","14,060.69","1.06B","0.07%"
"2023- 11- 14","14,094.38","14,015.37","14,124.06","14,003.14","1.11B","2.37%"
"2023- 11- 13","13,767.74","13,745.96","13,805.10","13,687.78","837.61M","-0.22%"
"2023- 11- 10","13,798.11","13,571.19","13,802.53","13,556.35","998.71M","2.05%"
"2023- 11- 09","13,521.45","13,693.69","13,697.82","13,506.02","1.04B","-0.94%"
"2023- 11- 08","13,650.41","13,660.22","13,684.87","13,573.58","956.59M","0.08%"
"2023- 11- 07","13,639.86","13,555.79","13,675.46","13,516.56","896.95M","0.90%"
"2023- 11- 06","13,518.78","13,514.08","13,551.62","13,435.99","912.89M","0.30%"
"2023- 11- 03","13,478.28","13,362.85","13,520.28","13,344.73","1.02B","1.38%"
"2023- 11- 02","13,294.19","13,230.49","13,302.18","13,177.64","1.03B","1.78%"
"2023- 11- 01","13,061.47","12,887.06","13,072.42","12,875.20","937.65M","1.64%"
"2023- 10- 31","12,851.24","12,786.62","12,859.40","12,697.04","914.04M","0.48%"
"2023- 10- 30","12,789.48","12,750.47","12,842.96","12,691.56","801.66M","1.16%"
"2023- 10- 27","12,643.01","12,718.69","12,772.43","12,600.57","856.38M","0.38%"
"2023- 10- 26","12,595.60","12,768.97","12,818.14","12,543.86","941.24M","-1.76%"
"2023- 10- 25","12,821.22","13,039.86","13,042.52","12,804.30","950.80M","-2.43%"
"2023- 10- 24","13,139.88","13,084.99","13,170.39","13,022.85","878.12M","0.93%"
"2023- 10- 23","13,018.33","12,930.85","13,143.23","12,848.83","859.07M","0.27%"
"2023- 10- 20","12,983.81","13,157.77","13,177.35","12,977.43","1.03B","-1.53%"
"2023- 10- 19","13,186.17","13,354.80","13,404.73","13,157.33","920.00M","-0.96%"
"2023- 10- 18","13,314.30","13,439.68","13,499.74","13,275.30","843.06M","-1.62%"
"2023- 10- 17","13,533.75","13,419.87","13,602.25","13,364.74","906.42M","-0.25%"
"2023- 10- 16","13,567.98","13,453.81","13,598.05","13,447.17","832.45M","1.20%"
"2023- 10- 13","13,407.23","13,613.59","13,619.54","13,361.85","843.48M","-1.23%"
"2023- 10- 12","13,574.22","13,672.47","13,714.14","13,491.56","921.27M","-0.63%"
"2023- 10- 11","13,659.68","13,619.21","13,671.11","13,549.29","797.05M","0.71%"
"2023- 10- 10","13,562.84","13,505.81","13,659.63","13,491.81","823.87M","0.58%"
"2023- 10- 09","13,484.24","13,326.22","13,509.30","13,277.48","723.95M","0.39%"
"2023- 10- 06","13,431.34","13,127.68","13,472.27","13,099.03","860.52M","1.60%"
"2023- 10- 05","13,219.83","13,228.12","13,251.18","13,087.57","870.00M","-0.12%"
"2023- 10- 04","13,236.01","13,092.92","13,258.76","13,072.51","854.22M","1.35%"
"2023- 10- 03","13,059.47","13,229.68","13,280.04","13,008.60","889.31M","-1.87%"
"2023- 10- 02","13,307.77","13,217.99","13,364.03","13,204.08","877.57M","0.67%"
"2023- 09- 29","13,219.32","13,337.71","13,382.98","13,177.09","1.02B","0.14%"
"2023- 09- 28","13,201.28","13,043.37","13,270.97","13,025.11","884.75M","0.83%"
"2023- 09- 27","13,092.85","13,115.36","13,156.37","12,963.16","894.11M","0.22%"
"2023- 09- 26","13,063.61","13,180.96","13,199.13","13,033.40","891.04M","-1.57%"
"2023- 09- 25","13,271.32","13,172.54","13,277.83","13,132.00","769.22M","0.45%"
"2023- 09- 22","13,211.81","13,287.17","13,353.22","13,200.64","831.54M","-0.09%"
"2023- 09- 21","13,223.99","13,328.06","13,362.23","13,222.56","928.74M","-1.82%"
"2023- 09- 20","13,469.13","13,710.26","13,727.81","13,467.28","835.28M","-1.53%"
"2023- 09- 19","13,678.19","13,649.44","13,705.15","13,578.87","881.73M","-0.23%"
"2023- 09- 18","13,710.24","13,669.95","13,751.28","13,663.45","962.57M","0.01%"
"2023- 09- 15","13,708.33","13,889.20","13,895.75","13,684.24","3.05B","-1.56%"
"2023- 09- 14","13,926.05","13,889.76","13,957.57","13,810.66","930.53M","0.81%"
"2023- 09- 13","13,813.58","13,773.67","13,868.57","13,733.82","929.03M","0.29%"
"2023- 09- 12","13,773.61","13,858.94","13,913.60","13,763.69","853.61M","-1.04%"
"2023- 09- 11","13,917.89","13,884.03","13,937.47","13,805.13","853.34M","1.14%"
"2023- 09- 08","13,761.53","13,754.71","13,843.37","13,733.18","781.91M","0.09%"
"2023- 09- 07","13,748.83","13,675.11","13,774.63","13,642.47","920.58M","-0.89%"
"2023- 09- 06","13,872.47","13,988.81","14,001.95","13,802.42","826.45M","-1.06%"
"2023- 09- 05","14,020.95","13,994.54","14,060.85","13,945.65","882.28M","-0.08%"
"2023- 09- 01","14,031.82","14,129.96","14,149.62","13,982.42","820.13M","-0.02%"
"2023- 08- 31","14,034.97","14,041.54","14,114.67","14,010.48","1.13B","0.11%"
"2023- 08- 30","14,019.31","13,961.77","14,050.82","13,924.20","829.23M","0.54%"
"2023- 08- 29","13,943.76","13,687.23","13,959.81","13,677.06","865.54M","1.74%"
"2023- 08- 28","13,705.13","13,695.36","13,735.98","13,626.64","674.53M","0.84%"
"2023- 08- 25","13,590.65","13,514.37","13,633.42","13,376.34","782.12M","0.94%"
"2023- 08- 24","13,463.97","13,834.31","13,834.68","13,462.84","891.76M","-1.87%"
"2023- 08- 23","13,721.03","13,532.43","13,757.00","13,532.43","811.82M","1.59%"
"2023- 08- 22","13,505.87","13,593.94","13,598.76","13,484.38","780.24M","0.06%"
"2023- 08- 21","13,497.59","13,347.26","13,516.86","13,325.59","828.82M","1.56%"
"2023- 08- 18","13,290.78","13,190.02","13,335.87","13,161.76","980.92M","-0.20%"
"2023- 08- 17","13,316.93","13,527.30","13,535.09","13,303.44","956.29M","-1.17%"
"2023- 08- 16","13,474.63","13,593.17","13,644.32","13,473.03","993.03M","-1.15%"
"2023- 08- 15","13,631.05","13,760.48","13,774.98","13,611.93","816.65M","-1.14%"
"2023- 08- 14","13,788.33","13,599.00","13,789.16","13,582.49","836.91M","1.05%"
"2023- 08- 11","13,644.85","13,633.65","13,720.33","13,609.98","842.28M","-0.56%"
"2023- 08- 10","13,721.03","13,818.25","13,947.16","13,686.51","979.72M","0.12%"
"2023- 08- 09","13,705.08","13,897.61","13,898.53","13,698.39","1.06B","-1.17%"
"2023- 08- 08","13,867.19","13,875.45","13,899.74","13,769.34","1.04B","-0.79%"
"2023- 08- 07","13,977.12","13,972.45","13,997.15","13,864.92","957.81M","0.61%"
"2023- 08- 04","13,892.07","14,025.96","14,119.22","13,897.93","1.00B","-0.48%"
"2023- 08- 03","13,959.72","13,899.76","14,032.28","13,881.35","1.03B","-0.10%"
"2023- 08- 02","13,973.45","14,132.73","14,133.85","13,914.81","1.06B","-2.17%"
"2023- 08- 01","14,283.91","14,274.93","14,309.21","14,215.64","909.92M","-0.43%"
"2023- 07- 31","14,346.02","14,337.90","14,370.91","14,292.75","1.08B","0.21%"
"2023- 07- 28","14,316.66","14,199.83","14,344.35","14,188.10","937.55M","1.90%"
"2023- 07- 27","14,050.11","14,319.16","14,360.20","14,006.92","1.00B","-0.55%"
"2023- 07- 26","14,127.28","14,123.52","14,187.35","14,041.95","883.42M","-0.12%"
"2023- 07- 25","14,144.56","14,093.24","14,201.91","14,092.52","864.05M","0.61%"
"2023- 07- 24","14,058.87","14,081.63","14,110.15","13,997.12","812.22M","0.19%"
"2023- 07- 21","14,032.81","14,148.17","14,179.01","14,020.45","1.45B","-0.22%"
"2023- 07- 20","14,063.31","14,273.29","14,309.92","14,030.62","996.24M","-2.05%"
"2023- 07- 19","14,358.02","14,398.53","14,446.55","14,317.09","978.62M","0.03%"
"2023- 07- 18","14,353.64","14,212.25","14,396.69","14,176.11","930.20M","0.76%"
"2023- 07- 17","14,244.95","14,149.92","14,274.41","14,138.00","914.53M","0.93%"
"2023- 07- 14","14,113.70","14,166.66","14,232.11","14,081.96","996.35M","-0.18%"
"2023- 07- 13","14,138.57","14,021.15","14,163.81","14,012.24","962.46M","1.58%"
"2023- 07- 12","13,918.96","13,915.64","13,963.45","13,842.13","1.01B","1.15%"
"2023- 07- 11","13,760.70","13,709.82","13,774.83","13,643.32","913.10M","0.55%"
"2023- 07- 10","13,685.48","13,645.37","13,692.41","13,584.87","1.00B","0.18%"
"2023- 07- 07","13,660.72","13,668.07","13,804.51","13,656.74","949.89M","-0.13%"
"2023- 07- 06","13,679.04","13,653.17","13,689.52","13,567.25","1.04B","-0.82%"
"2023- 07- 05","13,791.65","13,772.10","13,844.50","13,764.25","937.60M","-0.18%"
"2023- 07- 03","13,816.77","13,798.70","13,839.09","13,773.41","583.70M","0.21%"
"2023- 06- 30","13,787.92","13,719.98","13,816.67","13,716.16","1.07B","1.45%"
"2023- 06- 29","13,591.33","13,592.36","13,618.53","13,540.26","871.64M","0.00%"
"2023- 06- 28","13,591.75","13,506.02","13,654.14","13,495.73","890.52M","0.27%"
"2023- 06- 27","13,555.67","13,389.25","13,578.80","13,366.97","966.18M","1.65%"
"2023- 06- 26","13,335.78","13,468.75","13,573.57","13,334.42","936.28M","-1.16%"
"2023- 06- 23","13,492.52","13,484.10","13,572.18","13,442.65","3.36B","-1.01%"
"2023- 06- 22","13,630.61","13,443.41","13,631.85","13,441.56","898.27M","0.95%"
"2023- 06- 21","13,502.20","13,620.87","13,638.57","13,460.94","1.06B","-1.21%"
"2023- 06- 20","13,667.29","13,642.30","13,711.18","13,561.84","1.13B","-0.16%"
"2023- 06- 16","13,689.57","13,859.07","13,864.06","13,680.95","2.92B","-0.68%"
"2023- 06- 15","13,782.82","13,572.88","13,828.17","13,561.37","1.13B","1.15%"
"2023- 06- 14","13,626.48","13,570.56","13,661.74","13,455.99","1.16B","0.39%"
"2023- 06- 13","13,573.32","13,566.52","13,594.40","13,473.19","1.04B","0.83%"
"2023- 06- 12","13,461.92","13,326.37","13,465.91","13,302.58","974.53M","1.53%"
"2023- 06- 09","13,259.14","13,312.40","13,385.95","13,229.33","899.24M","0.16%"
"2023- 06- 08","13,238.52","13,113.27","13,248.60","13,101.18","873.24M","1.02%"
"2023- 06- 07","13,104.90","13,295.26","13,361.90","13,089.48","1.11B","-1.29%"
"2023- 06- 06","13,276.42","13,199.59","13,306.20","13,165.65","978.70M","0.36%"
"2023- 06- 05","13,229.43","13,238.48","13,330.65","13,194.95","887.68M","-0.09%"
"2023- 06- 02","13,240.77","13,190.48","13,256.21","13,125.86","941.89M","1.07%"
"2023- 06- 01","13,100.98","12,944.46","13,141.83","12,903.63","957.13M","1.28%"
"2023- 05- 31","12,935.28","12,968.38","13,029.08","12,889.37","1.94B","-0.63%"
"2023- 05- 30","13,017.43","13,109.10","13,154.29","12,968.12","969.21M","0.32%"
"2023- 05- 26","12,975.69","12,736.42","13,001.91","12,729.74","914.77M","2.19%"
"2023- 05- 25","12,698.09","12,706.44","12,736.92","12,604.89","970.50M","1.71%"
"2023- 05- 24","12,484.16","12,481.90","12,529.63","12,415.85","842.72M","-0.61%"
"2023- 05- 23","12,560.25","12,652.88","12,709.74","12,554.43","899.73M","-1.26%"
"2023- 05- 22","12,720.78","12,664.44","12,756.23","12,655.26","886.96M","0.50%"
"2023- 05- 19","12,657.90","12,709.46","12,731.73","12,624.06","899.33M","-0.24%"
"2023- 05- 18","12,688.84","12,513.87","12,698.50","12,512.26","932.19M","1.51%"
"2023- 05- 17","12,500.57","12,388.58","12,514.07","12,335.02","936.59M","1.28%"
"2023- 05- 16","12,343.05","12,327.05","12,403.81","12,324.52","857.54M","-0.18%"
"2023- 05- 15","12,365.21","12,301.17","12,376.40","12,263.35","857.25M","0.66%"
"2023- 05- 12","12,284.74","12,350.52","12,364.65","12,209.58","865.58M","-0.36%"
"2023- 05- 11","12,328.51","12,321.26","12,347.38","12,255.44","934.31M","0.18%"
"2023- 05- 10","12,306.44","12,286.66","12,337.69","12,180.86","1.04B","1.04%"
"2023- 05- 09","12,179.55","12,195.78","12,216.13","12,174.06","899.76M","-0.63%"
"2023- 05- 08","12,256.92","12,231.68","12,264.99","12,178.26","882.60M","0.18%"
"2023- 05- 05","12,235.41","12,073.03","12,264.83","12,065.72","1.01B","2.25%"
"2023- 05- 04","11,966.40","11,997.34","12,033.15","11,925.37","1.01B","-0.49%"
"2023- 05- 03","12,025.33","12,097.04","12,212.55","12,022.46","1.09B","-0.46%"
"2023- 05- 02","12,080.51","12,198.02","12,206.58","12,015.23","1.05B","-1.08%"
"2023- 05- 01","12,212.60","12,210.05","12,261.32","12,181.08","926.58M","-0.11%"
"2023- 04- 28","12,226.58","12,117.54","12,227.72","12,082.57","1.07B","0.69%"
"2023- 04- 27","12,142.24","11,972.15","12,154.01","11,950.92","986.43M","2.43%"
"2023- 04- 26","11,854.35","11,913.23","11,967.99","11,833.07","973.39M","0.47%"
"2023- 04- 25","11,799.16","11,968.81","11,990.46","11,798.77","921.37M","-1.98%"
"2023- 04- 24","12,037.20","12,053.47","12,103.58","11,960.31","853.57M","-0.29%"
"2023- 04- 21","12,072.46","12,046.03","12,097.15","11,986.82","944.77M","0.11%"
"2023- 04- 20","12,059.56","12,039.08","12,155.96","12,011.95","899.17M","-0.80%"
"2023- 04- 19","12,157.23","12,063.68","12,191.10","12,060.17","879.49M","0.03%"
"2023- 04- 18","12,153.41","12,234.56","12,245.43","12,110.23","883.01M","-0.04%"
"2023- 04- 17","12,157.72","12,108.23","12,159.02","12,064.10","904.58M","0.28%"
"2023- 04- 14","12,123.47","12,117.91","12,205.72","12,026.55","874.14M","-0.35%"
"2023- 04- 13","12,166.27","11,997.42","12,178.80","11,995.94","921.41M","1.99%"
"2023- 04- 12","11,929.34","12,110.87","12,134.50","11,916.54","916.01M","-0.85%"
"2023- 04- 11","12,031.88","12,080.24","12,091.27","12,011.40","883.24M","-0.43%"
"2023- 04- 10","12,084.35","11,975.14","12,084.94","11,924.20","862.62M","-0.03%"
"2023- 04- 06","12,087.96","11,939.08","12,098.50","11,898.36","785.43M","0.76%"
"2023- 04- 05","11,996.86","12,081.76","12,086.75","11,931.84","894.37M","-1.07%"
"2023- 04- 04","12,126.33","12,208.49","12,224.68","12,081.81","877.51M","-0.52%"
"2023- 04- 03","12,189.45","12,146.09","12,196.34","12,086.52","950.52M","-0.27%"
"2023- 03- 31","12,221.91","12,031.54","12,227.93","12,030.44","1.16B","1.74%"
"2023- 03- 30","12,013.47","12,010.45","12,044.79","11,953.37","923.96M","0.73%"
"2023- 03- 29","11,926.24","11,855.59","11,941.59","11,823.35","915.05M","1.79%"
"2023- 03- 28","11,716.08","11,752.76","11,752.76","11,635.02","773.10M","-0.45%"
"2023- 03- 27","11,768.84","11,868.54","11,903.21","11,739.05","844.71M","-0.47%"
"2023- 03- 24","11,823.96","11,747.62","11,826.23","11,670.67","897.32M","0.31%"
"2023- 03- 23","11,787.40","11,811.32","11,962.69","11,684.52","1.00B","1.01%"
"2023- 03- 22","11,669.96","11,857.50","12,013.99","11,666.85","963.97M","-1.60%"
"2023- 03- 21","11,860.11","11,764.79","11,879.16","11,724.91","1.04B","1.58%"
"2023- 03- 20","11,675.54","11,614.39","11,695.55","11,550.69","1.08B","0.39%"
"2023- 03- 17","11,630.51","11,696.34","11,773.11","11,562.63","2.94B","-0.74%"
"2023- 03- 16","11,717.28","11,384.87","11,733.80","11,365.49","1.13B","2.48%"
"2023- 03- 15","11,434.05","11,291.17","11,447.90","11,238.44","1.22B","0.05%"
"2023- 03- 14","11,428.15","11,357.74","11,467.01","11,284.93","1.18B","2.14%"
"2023- 03- 13","11,188.84","11,041.46","11,326.73","10,982.80","1.31B","0.45%"
"2023- 03- 10","11,138.89","11,325.36","11,373.81","11,093.86","1.23B","-1.76%"
"2023- 03- 09","11,338.35","11,578.31","11,667.12","11,319.98","994.86M","-2.05%"
"2023- 03- 08","11,576.00","11,553.09","11,601.23","11,487.75","923.10M","0.40%"
"2023- 03- 07","11,530.33","11,670.98","11,705.97","11,512.03","973.96M","-1.25%"
"2023- 03- 06","11,675.74","11,736.87","11,827.92","11,667.48","977.57M","-0.11%"
"2023- 03- 03","11,689.01","11,524.65","11,699.63","11,514.74","965.05M","1.97%"
"2023- 03- 02","11,462.98","11,273.77","11,487.59","11,273.61","950.09M","0.73%"
"2023- 03- 01","11,379.48","11,447.58","11,479.00","11,349.87","964.54M","-0.66%"
"2023- 02- 28","11,455.54","11,451.05","11,548.23","11,435.39","1.26B","-0.10%"
"2023- 02- 27","11,466.98","11,517.19","11,565.23","11,444.60","874.29M","0.63%"
"2023- 02- 24","11,394.94","11,404.18","11,434.36","11,334.47","900.85M","-1.69%"
"2023- 02- 23","11,590.40","11,636.93","11,638.98","11,432.58","903.17M","0.72%"
"2023- 02- 22","11,507.07","11,517.20","11,582.52","11,445.17","942.98M","0.13%"
"2023- 02- 21","11,492.30","11,640.37","11,684.14","11,491.18","1.02B","-2.50%"
"2023- 02- 17","11,787.27","11,777.50","11,803.22","11,673.21","966.30M","-0.58%"
"2023- 02- 16","11,855.83","11,896.31","12,040.34","11,853.36","986.41M","-1.78%"
"2023- 02- 15","12,070.59","11,905.12","12,071.29","11,876.82","951.90M","0.92%"
"2023- 02- 14","11,960.15","11,808.20","11,999.85","11,760.57","929.01M","0.57%"
"2023- 02- 13","11,891.79","11,759.09","11,910.92","11,719.73","937.01M","1.48%"
"2023- 02- 10","11,718.12","11,714.60","11,775.80","11,630.54","934.05M","-0.61%"
"2023- 02- 09","11,789.58","12,069.10","12,070.96","11,745.11","1.03B","-1.02%"
"2023- 02- 08","11,910.52","12,069.12","12,096.39","11,890.09","953.41M","-1.68%"
"2023- 02- 07","12,113.79","11,891.25","12,150.22","11,836.77","1.07B","1.90%"
"2023- 02- 06","11,887.45","11,904.41","11,973.41","11,843.49","1.01B","-1.00%"
"2023- 02- 03","12,006.95","11,946.86","12,231.31","11,946.86","1.11B","-1.59%"
"2023- 02- 02","12,200.82","12,065.15","12,269.56","12,024.14","1.33B","3.25%"
"2023- 02- 01","11,816.32","11,573.14","11,904.02","11,500.33","1.21B","2.00%"
"2023- 01- 31","11,584.55","11,398.58","11,586.01","11,398.37","1.15B","1.67%"
"2023- 01- 30","11,393.81","11,512.34","11,553.31","11,388.54","954.43M","-1.96%"
"2023- 01- 27","11,621.71","11,470.47","11,691.89","11,470.27","1.05B","0.95%"
"2023- 01- 26","11,512.41","11,458.41","11,516.05","11,341.19","992.60M","1.76%"
"2023- 01- 25","11,313.36","11,146.53","11,334.22","11,069.17","924.72M","-0.18%"
"2023- 01- 24","11,334.27","11,302.93","11,378.15","11,282.65","914.95M","-0.27%"
"2023- 01- 23","11,364.41","11,171.94","11,405.50","11,144.03","1.05B","2.01%"
"2023- 01- 20","11,140.43","10,924.66","11,143.17","10,885.65","1.16B","2.66%"
"2023- 01- 19","10,852.27","10,890.40","10,932.52","10,804.57","905.21M","-0.96%"
"2023- 01- 18","10,957.01","11,170.95","11,223.41","10,952.05","986.97M","-1.24%"
"2023- 01- 17","11,095.11","11,070.00","11,145.44","11,024.72","990.06M","0.14%"
"2023- 01- 13","11,079.16","10,906.37","11,084.01","10,900.16","919.66M","0.71%"
"2023- 01- 12","11,001.10","10,969.26","11,027.75","10,797.12","1.03B","0.64%"
"2023- 01- 11","10,931.67","10,794.99","10,932.44","10,762.73","1.01B","1.76%"
"2023- 01- 10","10,742.63","10,607.72","10,743.67","10,589.59","888.70M","1.01%"
"2023- 01- 09","10,635.65","10,662.10","10,807.26","10,619.12","1.04B","0.63%"
"2023- 01- 06","10,569.29","10,363.96","10,604.14","10,265.04","970.67M","2.56%"
"2023- 01- 05","10,305.24","10,390.31","10,393.22","10,295.25","957.48M","-1.47%"
"2023- 01- 04","10,458.76","10,467.82","10,515.22","10,337.64","1.04B","0.69%"
"2023- 01- 03","10,386.99","10,562.06","10,613.06","10,309.16","983.36M","-0.76%"
"2022- 12- 30","10,466.48","10,368.37","10,468.31","10,324.69","850.56M","-0.11%"
"2022- 12- 29","10,478.09","10,321.46","10,502.08","10,301.06","894.54M","2.59%"
"2022- 12- 28","10,213.29","10,339.20","10,414.82","10,207.47","751.52M","-1.35%"
"2022- 12- 27","10,353.23","10,462.19","10,472.32","10,340.73","753.05M","-1.38%"
"2022- 12- 23","10,497.86","10,437.75","10,514.76","10,361.82","678.03M","0.21%"
"2022- 12- 22","10,476.12","10,586.46","10,599.34","10,313.32","974.20M","-2.18%"
"2022- 12- 21","10,709.37","10,592.00","10,753.57","10,569.20","937.40M","1.54%"
"2022- 12- 20","10,547.11","10,490.89","10,609.47","10,446.82","972.31M","0.01%"
"2022- 12- 19","10,546.03","10,707.44","10,713.97","10,497.55","1.04B","-1.49%"
"2022- 12- 16","10,705.41","10,767.64","10,833.24","10,642.10","3.28B","-0.97%"
"2022- 12- 15","10,810.53","11,012.62","11,029.57","10,775.61","1.16B","-3.23%"
"2022- 12- 14","11,170.89","11,248.09","11,352.09","11,065.24","1.12B","-0.76%"
"2022- 12- 13","11,256.81","11,542.84","11,571.64","11,160.54","1.24B","1.01%"
"2022- 12- 12","11,143.74","11,015.48","11,144.67","10,984.82","955.14M","1.26%"
"2022- 12- 09","11,004.62","11,038.17","11,138.70","10,999.26","867.24M","-0.70%"
"2022- 12- 08","11,082.00","11,011.33","11,119.16","10,939.47","832.95M","1.13%"
"2022- 12- 07","10,958.55","10,963.95","11,039.81","10,910.62","828.48M","-0.51%"
"2022- 12- 06","11,014.89","11,228.42","11,241.42","10,956.20","888.70M","-2.00%"
"2022- 12- 05","11,239.94","11,380.99","11,425.51","11,193.02","885.18M","-1.93%"
"2022- 12- 02","11,461.50","11,308.38","11,492.32","11,296.72","859.61M","-0.18%"
"2022- 12- 01","11,482.45","11,475.17","11,546.77","11,378.75","912.53M","0.13%"
"2022- 11- 30","11,468.00","10,995.20","11,468.47","10,966.53","1.62B","4.41%"
"2022- 11- 29","10,983.78","11,060.02","11,086.02","10,944.37","783.46M","-0.59%"
"2022- 11- 28","11,049.50","11,147.57","11,217.75","11,020.69","811.96M","-1.58%"
"2022- 11- 25","11,226.36","11,231.00","11,261.57","11,206.38","377.17M","-0.52%"
"2022- 11- 23","11,285.32","11,174.61","11,310.82","11,174.61","695.12M","0.99%"
"2022- 11- 22","11,174.41","11,058.56","11,179.87","10,975.66","758.80M","1.36%"
"2022- 11- 21","11,024.51","11,091.01","11,128.78","10,999.75","765.20M","-1.09%"
"2022- 11- 18","11,146.06","11,257.01","11,259.44","11,059.16","846.40M","0.01%"
"2022- 11- 17","11,144.96","11,008.67","11,198.84","11,006.21","837.39M","-0.35%"
"2022- 11- 16","11,183.66","11,260.09","11,286.10","11,162.92","887.82M","-1.54%"
"2022- 11- 15","11,358.41","11,474.82","11,492.62","11,241.15","1.04B","1.45%"
"2022- 11- 14","11,196.22","11,233.90","11,350.12","11,167.17","983.39M","-1.12%"
"2022- 11- 11","11,323.33","11,124.75","11,352.43","11,069.83","1.21B","1.88%"
"2022- 11- 10","11,114.15","10,869.17","11,119.11","10,779.95","1.40B","7.35%"
"2022- 11- 09","10,353.17","10,528.45","10,564.97","10,344.01","1.04B","-2.48%"
"2022- 11- 08","10,616.20","10,611.53","10,745.64","10,472.73","994.35M","0.49%"
"2022- 11- 07","10,564.52","10,516.94","10,587.96","10,428.91","930.25M","0.85%"
"2022- 11- 04","10,475.25","10,548.14","10,553.63","10,262.93","1.09B","1.28%"
"2022- 11- 03","10,342.94","10,399.45","10,486.01","10,319.54","1.01B","-1.73%"
"2022- 11- 02","10,524.80","10,885.01","10,993.24","10,522.90","1.10B","-3.36%"
"2022- 11- 01","10,890.84","11,154.74","11,156.35","10,881.19","903.26M","-0.89%"
"2022- 10- 31","10,988.15","11,028.43","11,047.94","10,914.00","1.08B","-1.03%"
"2022- 10- 28","11,102.45","10,766.20","11,117.04","10,766.20","977.64M","2.87%"
"2022- 10- 27","10,792.67","10,971.95","10,998.73","10,780.50","973.52M","-1.63%"
"2022- 10- 26","10,970.99","10,969.02","11,205.84","10,948.38","1.00B","-2.04%"
"2022- 10- 25","11,199.12","10,996.97","11,210.38","10,996.97","991.08M","2.25%"
"2022- 10- 24","10,952.61","10,867.07","10,983.52","10,713.33","921.20M","0.86%"
"2022- 10- 21","10,859.72","10,576.04","10,875.72","10,542.43","1.02B","2.31%"
"2022- 10- 20","10,614.84","10,657.41","10,837.30","10,574.55","866.25M","-0.61%"
"2022- 10- 19","10,680.51","10,689.31","10,808.04","10,592.88","921.13M","-0.85%"
"2022- 10- 18","10,772.40","10,963.99","10,972.97","10,670.12","929.62M","0.90%"
"2022- 10- 17","10,675.80","10,575.65","10,696.59","10,569.69","944.31M","3.43%"
"2022- 10- 14","10,321.39","10,742.81","10,766.68","10,308.81","918.04M","-3.08%"
"2022- 10- 13","10,649.15","10,131.82","10,697.71","10,088.83","1.05B","2.23%"
"2022- 10- 12","10,417.10","10,437.00","10,494.53","10,372.21","823.61M","-0.09%"
"2022- 10- 11","10,426.19","10,484.37","10,608.84","10,351.98","990.74M","-1.10%"
"2022- 10- 10","10,542.10","10,659.95","10,669.93","10,449.04","812.52M","-1.04%"
"2022- 10- 07","10,652.41","10,877.28","10,891.93","10,608.52","1.03B","-3.80%"
"2022- 10- 06","11,073.31","11,129.04","11,230.44","11,051.27","873.35M","-0.68%"
"2022- 10- 05","11,148.64","11,022.67","11,210.32","10,910.76","830.23M","-0.25%"
"2022- 10- 04","11,176.41","11,054.72","11,189.96","11,044.04","1.02B","3.34%"
"2022- 10- 03","10,815.43","10,659.01","10,875.46","10,577.89","943.34M","2.27%"
"2022- 09- 30","10,575.62","10,697.71","10,883.04","10,572.33","1.10B","-1.51%"
"2022- 09- 29","10,737.51","10,894.44","10,899.47","10,623.23","971.92M","-2.84%"
"2022- 09- 28","11,051.64","10,817.52","11,101.50","10,776.34","953.34M","2.05%"
"2022- 09- 27","10,829.50","10,955.29","11,040.99","10,741.02","903.37M","0.25%"
"2022- 09- 26","10,802.92","10,833.38","11,024.00","10,789.05","949.63M","-0.60%"
"2022- 09- 23","10,867.93","10,952.69","10,958.30","10,732.72","1.00B","-1.80%"
"2022- 09- 22","11,066.81","11,167.38","11,203.77","11,024.64","934.35M","-1.37%"
"2022- 09- 21","11,220.19","11,466.21","11,613.57","11,219.00","909.35M","-1.79%"
"2022- 09- 20","11,425.05","11,440.14","11,520.99","11,343.72","861.66M","-0.95%"
"2022- 09- 19","11,535.02","11,338.57","11,538.13","11,337.83","932.68M","0.76%"
"2022- 09- 16","11,448.40","11,401.21","11,460.43","11,316.92","3.05B","-0.90%"
"2022- 09- 15","11,552.36","11,633.24","11,760.73","11,497.11","1.03B","-1.43%"
"2022- 09- 14","11,719.68","11,680.41","11,746.83","11,602.76","1.05B","0.74%"
"2022- 09- 13","11,633.57","11,908.81","11,957.97","11,604.43","1.10B","-5.16%"
"2022- 09- 12","12,266.41","12,174.94","12,270.19","12,169.28","845.28M","1.27%"
"2022- 09- 09","12,112.31","11,958.61","12,132.67","11,958.61","881.47M","2.11%"
"2022- 09- 08","11,862.13","11,679.85","11,896.73","11,660.53","875.83M","0.60%"
"2022- 09- 07","11,791.90","11,559.38","11,819.07","11,555.08","897.12M","2.14%"
"2022- 09- 06","11,544.91","11,643.03","11,679.43","11,471.50","945.53M","-0.74%"
"2022- 09- 02","11,630.86","11,899.14","11,945.91","11,573.51","868.07M","-1.31%"
"2022- 09- 01","11,785.13","11,707.44","11,798.37","11,546.52","974.17M","-0.26%"
"2022- 08- 31","11,816.20","11,972.56","12,027.43","11,814.17","1.16B","-0.56%"
"2022- 08- 30","11,883.14","12,093.06","12,101.85","11,790.02","896.27M","-1.12%"
"2022- 08- 29","12,017.67","12,021.05","12,124.87","11,981.42","798.39M","-1.02%"
"2022- 08- 26","12,141.71","12,630.58","12,655.84","12,141.52","960.49M","-3.94%"
"2022- 08- 25","12,639.26","12,506.37","12,641.26","12,471.98","797.23M","1.67%"
"2022- 08- 24","12,431.53","12,375.15","12,504.33","12,350.16","770.65M","0.41%"
"2022- 08- 23","12,381.30","12,380.37","12,490.85","12,352.03","763.64M","0.00%"
"2022- 08- 22","12,381.57","12,523.16","12,538.55","12,353.73","857.72M","-2.55%"
"2022- 08- 19","12,705.22","12,832.27","12,859.01","12,674.87","998.67M","-2.01%"
"2022- 08- 18","12,965.34","12,937.78","13,002.66","12,873.49","865.17M","0.21%"
"2022- 08- 17","12,938.12","12,968.63","13,053.51","12,863.01","977.81M","-1.25%"
"2022- 08- 16","13,102.55","13,082.64","13,181.09","12,979.24","952.79M","-0.19%"
"2022- 08- 15","13,128.05","12,996.63","13,146.06","12,993.78","862.20M","0.62%"
"2022- 08- 12","13,047.19","12,866.31","13,047.19","12,821.22","936.39M","2.09%"
"2022- 08- 11","12,779.91","12,944.82","13,026.24","12,760.09","1.08B","-0.58%"
"2022- 08- 10","12,854.81","12,793.44","12,861.44","12,698.61","1.05B","2.89%"
"2022- 08- 09","12,493.93","12,557.49","12,582.91","12,438.86","1.02B","-1.19%"
"2022- 08- 08","12,644.46","12,703.72","12,855.16","12,597.75","1.00B","-0.10%"
"2022- 08- 05","12,657.56","12,538.81","12,720.44","12,525.77","991.77M","-0.50%"
"2022- 08- 04","12,720.58","12,675.05","12,736.19","12,600.78","1.05B","0.41%"
"2022- 08- 03","12,668.16","12,433.87","12,699.64","12,425.21","1.10B","2.59%"
"2022- 08- 02","12,348.76","12,287.67","12,503.34","12,260.48","902.82M","-0.16%"
"2022- 08- 01","12,368.98","12,317.96","12,499.72","12,271.98","891.53M","-0.18%"
"2022- 07- 29","12,390.69","12,239.69","12,426.26","12,181.13","1.10B","1.88%"
"2022- 07- 28","12,162.59","12,036.48","12,179.09","11,886.67","958.80M","1.08%"
"2022- 07- 27","12,032.42","11,756.19","12,081.73","11,718.38","939.31M","4.06%"
"2022- 07- 26","11,562.58","11,701.53","11,711.31","11,533.37","834.49M","-1.87%"
"2022- 07- 25","11,782.67","11,837.96","11,855.11","11,707.53","783.12M","-0.43%"
"2022- 07- 22","11,834.11","12,025.37","12,093.02","11,767.19","884.72M","-1.87%"
"2022- 07- 21","12,059.61","11,914.15","12,060.59","11,812.72","840.81M","1.36%"
"2022- 07- 20","11,897.65","11,726.09","11,939.96","11,703.36","1.01B","1.58%"
"2022- 07- 19","11,713.15","11,515.00","11,721.22","11,448.97","974.15M","3.11%"
"2022- 07- 18","11,360.05","11,561.64","11,629.03","11,322.84","922.80M","-0.81%"
"2022- 07- 15","11,452.42","11,379.36","11,454.69","11,295.33","947.43M","1.79%"
"2022- 07- 14","11,251.18","11,151.21","11,279.97","11,005.93","817.49M","0.03%"
"2022- 07- 13","11,247.58","11,056.55","11,325.67","11,031.27","812.60M","-0.15%"
"2022- 07- 12","11,264.73","11,420.89","11,483.17","11,207.08","836.73M","-0.95%"
"2022- 07- 11","11,372.60","11,524.49","11,541.10","11,348.06","844.13M","-2.26%"
"2022- 07- 08","11,635.31","11,503.61","11,689.70","11,479.77","820.69M","0.12%"
"2022- 07- 07","11,621.35","11,422.60","11,644.47","11,412.88","916.26M","2.28%"
"2022- 07- 06","11,361.85","11,337.90","11,443.15","11,250.32","933.39M","0.35%"
"2022- 07- 05","11,322.24","10,964.18","11,323.90","10,911.45","1.07B","1.75%"
"2022- 07- 01","11,127.84","11,006.83","11,132.55","10,922.71","930.71M","0.90%"
"2022- 06- 30","11,028.74","11,048.25","11,160.92","10,850.01","1.16B","-1.33%"
"2022- 06- 29","11,177.89","11,160.22","11,226.33","11,072.19","1.02B","-0.03%"
"2022- 06- 28","11,181.54","11,542.24","11,635.85","11,177.68","1.02B","-2.98%"
"2022- 06- 27","11,524.55","11,661.02","11,677.49","11,487.07","991.61M","-0.72%"
"2022- 06- 24","11,607.62","11,351.31","11,613.23","11,337.78","4.31B","3.34%"
"2022- 06- 23","11,232.19","11,137.68","11,260.27","11,046.28","1.03B","1.62%"
"2022- 06- 22","11,053.08","10,941.95","11,216.77","10,938.06","1.11B","-0.15%"
"2022- 06- 21","11,069.30","10,974.05","11,164.99","10,974.05","1.19B","2.51%"
"2022- 06- 17","10,798.35","10,697.55","10,884.71","10,638.72","2.80B","1.43%"
"2022- 06- 16","10,646.10","10,806.02","10,831.07","10,565.14","1.25B","-4.08%"
"2022- 06- 15","11,099.16","10,968.40","11,244.26","10,866.39","1.22B","2.50%"
"2022- 06- 14","10,828.34","10,897.43","10,926.81","10,733.04","953.68M","0.18%"
"2022- 06- 13","10,809.23","10,986.84","11,071.48","10,775.14","1.21B","-4.68%"
"2022- 06- 10","11,340.02","11,543.88","11,569.15","11,328.27","1.06B","-3.52%"
"2022- 06- 09","11,754.23","12,016.47","12,115.07","11,751.98","998.87M","-2.75%"
"2022- 06- 08","12,086.27","12,147.28","12,235.78","12,052.70","911.77M","-0.73%"
"2022- 06- 07","12,175.23","11,925.81","12,194.86","11,888.61","900.55M","0.94%"
"2022- 06- 06","12,061.37","12,200.33","12,245.40","12,004.20","911.01M","0.40%"
"2022- 06- 03","12,012.73","12,097.12","12,167.44","11,966.62","837.59M","-2.47%"
"2022- 06- 02","12,316.90","11,945.57","12,320.12","11,901.45","916.66M","2.69%"
"2022- 06- 01","11,994.46","12,176.89","12,237.93","11,901.43","940.60M","-0.72%"
"2022- 05- 31","12,081.39","12,137.54","12,190.08","11,942.50","1.77B","-0.41%"
"2022- 05- 27","12,131.13","11,869.69","12,131.66","11,856.82","942.22M","3.33%"
"2022- 05- 26","11,740.65","11,409.84","11,796.97","11,406.16","930.42M","2.68%"
"2022- 05- 25","11,434.74","11,225.03","11,511.90","11,211.85","907.18M","1.51%"
"2022- 05- 24","11,264.45","11,326.44","11,351.61","11,092.48","924.23M","-2.35%"
"2022- 05- 23","11,535.27","11,396.28","11,552.07","11,304.56","889.21M","1.59%"
"2022- 05- 20","11,354.62","11,542.67","11,552.21","11,035.69","1.20B","-0.30%"
"2022- 05- 19","11,388.50","11,364.40","11,562.82","11,313.31","1.05B","-0.26%"
"2022- 05- 18","11,418.15","11,790.68","11,826.22","11,381.69","1.03B","-4.73%"
"2022- 05- 17","11,984.52","11,905.57","11,988.43","11,754.28","1.02B","2.76%"
"2022- 05- 16","11,662.79","11,727.14","11,804.59","11,627.53","978.06M","-1.20%"
"2022- 05- 13","11,805.00","11,555.98","11,856.71","11,510.25","1.23B","3.82%"
"2022- 05- 12","11,370.96","11,199.25","11,547.33","11,108.76","1.40B","0.06%"
"2022- 05- 11","11,364.24","11,645.57","11,844.50","11,339.18","1.27B","-3.18%"
"2022- 05- 10","11,737.67","11,900.34","11,944.94","11,566.28","1.28B","0.98%"
"2022- 05- 09","11,623.25","11,923.03","11,990.61","11,574.94","1.24B","-4.29%"
"2022- 05- 06","12,144.66","12,246.83","12,358.42","11,990.15","1.09B","-1.40%"
"2022- 05- 05","12,317.69","12,787.52","12,787.52","12,183.56","1.10B","-4.99%"
"2022- 05- 04","12,964.86","12,574.73","12,985.01","12,367.02","1.11B","3.19%"
"2022- 05- 03","12,563.76","12,511.46","12,645.83","12,460.99","897.83M","0.22%"
"2022- 05- 02","12,536.02","12,331.69","12,542.54","12,202.41","1.04B","1.63%"
"2022- 04- 29","12,334.64","12,710.42","12,861.83","12,315.74","1.09B","-4.17%"
"2022- 04- 28","12,871.53","12,712.86","12,948.52","12,487.86","1.01B","3.06%"
"2022- 04- 27","12,488.93","12,500.88","12,703.79","12,430.90","942.84M","-0.01%"
"2022- 04- 26","12,490.74","12,918.04","12,918.04","12,490.74","1.02B","-3.95%"
"2022- 04- 25","13,004.85","12,749.17","13,011.45","12,722.59","988.04M","1.29%"
"2022- 04- 22","12,839.29","13,168.80","13,212.60","12,828.02","950.70M","-2.55%"
"2022- 04- 21","13,174.65","13,623.70","13,710.69","13,140.83","993.83M","-2.07%"
"2022- 04- 20","13,453.07","13,665.38","13,678.55","13,426.12","871.26M","-1.22%"
"2022- 04- 19","13,619.66","13,312.44","13,643.97","13,281.22","855.29M","2.15%"
"2022- 04- 18","13,332.36","13,319.39","13,414.27","13,222.03","832.41M","-0.14%"
"2022- 04- 14","13,351.08","13,647.42","13,662.93","13,345.22","927.38M","-2.14%"
"2022- 04- 13","13,643.59","13,373.12","13,679.43","13,353.66","910.79M","2.03%"
"2022- 04- 12","13,371.57","13,584.69","13,685.95","13,317.74","902.42M","-0.30%"
"2022- 04- 11","13,411.96","13,547.29","13,585.08","13,401.39","991.30M","-2.18%"
"2022- 04- 08","13,711.00","13,830.47","13,866.06","13,693.69","858.45M","-1.34%"
"2022- 04- 07","13,897.30","13,861.49","13,978.25","13,689.23","931.35M","0.06%"
"2022- 04- 06","13,888.82","14,002.58","14,032.84","13,788.90","1.09B","-2.22%"
"2022- 04- 05","14,204.17","14,490.26","14,500.29","14,169.12","930.40M","-2.26%"
"2022- 04- 04","14,532.55","14,304.35","14,534.38","14,286.45","915.41M","1.90%"
"2022- 04- 01","14,261.50","14,269.53","14,306.94","14,131.81","1.02B","0.29%"
"2022- 03- 31","14,220.52","14,444.78","14,456.74","14,217.73","1.10B","-1.54%"
"2022- 03- 30","14,442.27","14,558.59","14,609.25","14,383.45","1.01B","-1.21%"
"2022- 03- 29","14,619.64","14,500.39","14,646.90","14,419.40","1.09B","1.84%"
"2022- 03- 28","14,354.90","14,177.21","14,356.00","14,101.34","892.94M","1.31%"
"2022- 03- 25","14,169.30","14,194.72","14,218.76","14,010.79","941.78M","-0.16%"
"2022- 03- 24","14,191.84","14,001.32","14,193.55","13,897.20","916.74M","1.93%"
"2022- 03- 23","13,922.60","13,990.35","14,152.14","13,921.65","961.73M","-1.32%"
"2022- 03- 22","14,108.82","13,866.43","14,141.07","13,857.29","1.10B","1.95%"
"2022- 03- 21","13,838.46","13,860.39","13,945.81","13,682.55","1.14B","-0.40%"
"2022- 03- 18","13,893.84","13,564.63","13,899.28","13,528.06","2.85B","2.05%"
"2022- 03- 17","13,614.78","13,360.72","13,620.80","13,317.14","1.14B","1.33%"
"2022- 03- 16","13,436.55","13,119.36","13,440.12","12,992.20","1.41B","3.77%"
"2022- 03- 15","12,948.62","12,685.23","12,973.88","12,616.59","1.13B","2.92%"
"2022- 03- 14","12,581.22","12,795.12","12,918.01","12,555.35","1.21B","-2.04%"
"2022- 03- 11","12,843.81","13,229.77","13,239.35","12,830.37","1.02B","-2.18%"
"2022- 03- 10","13,129.96","13,098.35","13,163.50","12,946.28","961.59M","-0.95%"
"2022- 03- 09","13,255.55","13,113.70","13,301.16","13,039.79","1.12B","3.59%"
"2022- 03- 08","12,795.55","12,800.04","13,159.44","12,670.08","1.34B","-0.28%"
"2022- 03- 07","12,830.96","13,328.36","13,353.28","12,828.02","1.29B","-3.62%"
"2022- 03- 04","13,313.44","13,455.23","13,486.71","13,224.98","1.04B","-1.66%"
"2022- 03- 03","13,537.94","13,837.59","13,837.59","13,472.64","1.03B","-1.56%"
"2022- 03- 02","13,752.02","13,597.53","13,796.55","13,493.91","1.03B","1.62%"
"2022- 03- 01","13,532.46","13,716.70","13,777.04","13,441.32","1.24B","-1.59%"
"2022- 02- 28","13,751.40","13,570.83","13,810.64","13,549.90","1.39B","0.41%"
"2022- 02- 25","13,694.62","13,485.26","13,696.86","13,358.29","978.45M","1.64%"
"2022- 02- 24","13,473.58","12,587.88","13,486.11","12,587.88","1.38B","3.34%"
"2022- 02- 23","13,037.49","13,511.75","13,533.78","13,032.17","944.40M","-2.57%"
"2022- 02- 22","13,381.52","13,424.36","13,618.72","13,249.65","1.02B","-1.23%"
"2022- 02- 18","13,548.07","13,735.40","13,762.40","13,465.56","1.02B","-1.23%"
"2022- 02- 17","13,716.72","14,004.19","14,020.82","13,704.70","922.82M","-2.88%"
"2022- 02- 16","14,124.09","14,038.92","14,163.73","13,931.99","838.99M","-0.11%"
"2022- 02- 15","14,139.76","13,997.18","14,142.49","13,976.29","903.09M","2.53%"
"2022- 02- 14","13,790.92","13,768.97","13,921.71","13,664.76","936.80M","0.00%"
"2022- 02- 11","13,791.15","14,213.62","14,246.70","13,733.16","1.08B","-2.78%"
"2022- 02- 10","14,185.64","14,228.68","14,509.56","14,118.20","1.06B","-2.10%"
"2022- 02- 09","14,490.37","14,368.16","14,490.72","14,330.87","935.01M","2.08%"
"2022- 02- 08","14,194.45","13,984.43","14,226.48","13,934.78","865.50M","1.28%"
"2022- 02- 07","14,015.67","14,118.79","14,236.31","13,974.10","858.02M","-0.58%"
"2022- 02- 04","14,098.01","13,958.48","14,222.76","13,850.39","862.97M","1.58%"
"2022- 02- 03","13,878.82","14,045.83","14,207.89","13,851.75","945.51M","-3.74%"
"2022- 02- 02","14,417.55","14,494.47","14,504.82","14,264.65","1.00B","0.50%"
"2022- 02- 01","14,346.00","14,277.43","14,358.69","14,070.77","962.00M","0.75%"
"2022- 01- 31","14,239.88","13,812.19","14,242.90","13,767.71","1.24B","3.41%"
"2022- 01- 28","13,770.57","13,436.71","13,771.91","13,236.56","1.06B","3.13%"
"2022- 01- 27","13,352.78","13,710.99","13,765.91","13,322.66","1.07B","-1.40%"
"2022- 01- 26","13,542.12","13,871.77","14,002.65","13,392.19","1.18B","0.02%"
"2022- 01- 25","13,539.30","13,610.87","13,781.62","13,414.14","1.04B","-2.28%"
"2022- 01- 24","13,855.13","13,481.50","13,876.61","13,094.65","1.55B","0.63%"
"2022- 01- 21","13,768.92","14,046.22","14,171.72","13,764.24","1.32B","-2.72%"
"2022- 01- 20","14,154.02","14,462.85","14,642.03","14,140.78","1.02B","-1.30%"
"2022- 01- 19","14,340.25","14,582.22","14,658.89","14,331.65","935.06M","-1.15%"
"2022- 01- 18","14,506.90","14,681.83","14,740.54","14,482.94","1.06B","-2.60%"
"2022- 01- 14","14,893.75","14,708.02","14,897.67","14,689.43","872.56M","0.59%"
"2022- 01- 13","14,806.81","15,245.04","15,259.71","14,782.24","852.15M","-2.51%"
"2022- 01- 12","15,188.39","15,263.10","15,319.03","15,117.29","840.02M","0.23%"
"2022- 01- 11","15,153.45","14,919.26","15,158.71","14,837.64","863.02M","1.41%"
"2022- 01- 10","14,942.83","14,751.78","14,953.85","14,530.23","1.09B","0.05%"
"2022- 01- 07","14,935.90","15,095.72","15,171.02","14,877.63","852.53M","-0.96%"
"2022- 01- 06","15,080.86","15,024.15","15,198.45","14,914.87","951.12M","-0.13%"
"2022- 01- 05","15,100.17","15,547.16","15,586.30","15,095.18","1.01B","-3.34%"
"2022- 01- 04","15,622.72","15,852.14","15,852.14","15,512.41","970.70M","-1.33%"
"2022- 01- 03","15,832.80","15,732.50","15,832.80","15,644.09","871.65M","1.20%"
"2021- 12- 31","15,644.97","15,722.91","15,777.43","15,643.93","729.41M","-0.61%"
"2021- 12- 30","15,741.56","15,758.98","15,868.09","15,729.16","768.18M","-0.16%"
"2021- 12- 29","15,766.22","15,794.92","15,821.81","15,679.85","699.59M","-0.10%"
"2021- 12- 28","15,781.72","15,895.20","15,901.47","15,757.07","691.47M","-0.56%"
"2021- 12- 27","15,871.26","15,696.83","15,871.40","15,696.83","741.10M","1.39%"
"2021- 12- 23","15,653.37","15,544.79","15,697.98","15,528.91","746.13M","0.85%"
"2021- 12- 22","15,521.89","15,319.16","15,525.97","15,303.06","783.47M","1.18%"
"2021- 12- 21","15,341.09","15,140.43","15,349.06","15,015.02","976.83M","2.40%"
"2021- 12- 20","14,980.94","14,933.00","15,007.30","14,860.04","1.02B","-1.24%"
"2021- 12- 17","15,169.68","15,036.77","15,288.78","14,960.37","3.01B","-0.07%"
"2021- 12- 16","15,180.43","15,629.08","15,633.19","15,119.49","1.10B","-2.47%"
"2021- 12- 15","15,565.58","15,230.71","15,575.76","15,055.23","1.17B","2.15%"
"2021- 12- 14","15,237.64","15,215.96","15,317.55","15,097.35","1.03B","-1.14%"
"2021- 12- 13","15,413.28","15,621.27","15,637.06","15,408.25","996.25M","-1.39%"
"2021- 12- 10","15,630.60","15,629.59","15,677.60","15,477.85","875.08M","0.73%"
"2021- 12- 09","15,517.37","15,720.54","15,796.05","15,511.12","869.50M","-1.71%"
"2021- 12- 08","15,786.99","15,690.65","15,792.64","15,618.88","921.93M","0.64%"
"2021- 12- 07","15,686.92","15,510.91","15,720.09","15,507.66","1.06B","3.03%"
"2021- 12- 06","15,225.15","15,117.63","15,281.99","14,931.61","1.07B","0.93%"
"2021- 12- 03","15,085.47","15,428.71","15,470.36","14,931.06","1.20B","-1.92%"
"2021- 12- 02","15,381.32","15,181.82","15,444.54","15,150.12","1.10B","0.83%"
"2021- 12- 01","15,254.05","15,752.27","15,816.82","15,243.93","1.22B","-1.83%"
"2021- 11- 30","15,537.69","15,716.50","15,828.20","15,451.39","1.78B","-1.55%"
"2021- 11- 29","15,782.83","15,719.42","15,833.11","15,644.61","1.01B","1.88%"
"2021- 11- 26","15,491.66","15,664.38","15,731.54","15,456.09","781.49M","-2.23%"
"2021- 11- 24","15,845.23","15,677.88","15,848.56","15,591.36","842.33M","0.44%"
"2021- 11- 23","15,775.14","15,809.50","15,895.86","15,601.46","1.07B","-0.50%"
"2021- 11- 22","15,854.76","16,120.92","16,212.23","15,851.04","1.13B","-1.26%"
"2021- 11- 19","16,057.44","16,042.16","16,121.12","16,017.23","1.02B","0.40%"
"2021- 11- 18","15,993.71","15,973.40","16,010.88","15,848.83","1.08B","0.45%"
"2021- 11- 17","15,921.57","15,973.61","15,998.57","15,909.39","966.81M","-0.33%"
"2021- 11- 16","15,973.85","15,840.32","15,989.61","15,825.00","1.01B","0.76%"
"2021- 11- 15","15,853.85","15,894.82","15,918.45","15,778.31","952.14M","-0.04%"
"2021- 11- 12","15,860.96","15,752.62","15,874.58","15,705.38","988.93M","1.00%"
"2021- 11- 11","15,704.28","15,752.08","15,768.03","15,695.77","867.11M","0.52%"
"2021- 11- 10","15,622.70","15,753.84","15,867.24","15,543.68","989.63M","-1.66%"
"2021- 11- 09","15,886.54","16,024.13","16,035.21","15,836.68","1.03B","-0.60%"
"2021- 11- 08","15,982.36","15,995.72","16,038.23","15,961.81","1.06B","0.07%"
"2021- 11- 05","15,971.59","16,003.56","16,053.39","15,900.78","1.06B","0.20%"
"2021- 11- 04","15,940.31","15,849.74","15,966.09","15,827.66","1.02B","0.81%"
"2021- 11- 03","15,811.58","15,658.52","15,821.58","15,616.44","1.00B","1.04%"
"2021- 11- 02","15,649.60","15,583.99","15,656.60","15,569.27","997.88M","0.34%"
"2021- 11- 01","15,595.92","15,541.26","15,598.95","15,470.82","1.00B","0.63%"
"2021- 10- 29","15,498.39","15,323.29","15,504.12","15,323.29","1.06B","0.33%"
"2021- 10- 28","15,448.12","15,304.74","15,452.30","15,290.31","1.06B","1.39%"
"2021- 10- 27","15,235.84","15,276.00","15,364.54","15,235.84","1.09B","0.00%"
"2021- 10- 26","15,235.72","15,317.50","15,384.00","15,198.23","1.22B","0.06%"
"2021- 10- 25","15,226.71","15,142.92","15,259.63","15,070.75","1.09B","0.90%"
"2021- 10- 22","15,090.20","15,158.07","15,193.01","15,021.02","1.10B","-0.82%"
"2021- 10- 21","15,215.70","15,104.80","15,222.25","15,094.14","891.24M","0.62%"
"2021- 10- 20","15,121.68","15,160.00","15,178.39","15,071.15","743.43M","-0.05%"
"2021- 10- 19","15,129.09","15,073.13","15,137.85","15,049.73","788.58M","0.71%"
"2021- 10- 18","15,021.81","14,839.74","15,026.68","14,833.28","798.36M","0.84%"
"2021- 10- 15","14,897.34","14,891.24","14,904.98","14,847.97","924.17M","0.50%"
"2021- 10- 14","14,823.43","14,717.50","14,827.56","14,699.52","815.46M","1.73%"
"2021- 10- 13","14,571.64","14,537.17","14,589.28","14,471.88","760.21M","0.73%"
"2021- 10- 12","14,465.92","14,539.09","14,552.71","14,441.60","768.40M","-0.14%"
"2021- 10- 11","14,486.20","14,540.08","14,665.99","14,482.61","664.49M","-0.64%"
"2021- 10- 08","14,579.54","14,694.72","14,699.91","14,569.68","670.94M","-0.51%"
"2021- 10- 07","14,654.02","14,631.80","14,755.72","14,615.14","798.16M","1.05%"
"2021- 10- 06","14,501.91","14,289.45","14,509.55","14,259.07","817.53M","0.47%"
"2021- 10- 05","14,433.83","14,312.86","14,508.65","14,299.78","805.23M","1.25%"
"2021- 10- 04","14,255.49","14,493.12","14,499.74","14,181.69","920.43M","-2.14%"
"2021- 10- 01","14,566.70","14,494.93","14,606.82","14,324.01","913.08M","0.82%"
"2021- 09- 30","14,448.58","14,582.60","14,632.36","14,444.30","1.14B","-0.44%"
"2021- 09- 29","14,512.44","14,614.88","14,676.62","14,493.67","980.97M","-0.24%"
"2021- 09- 28","14,546.68","14,787.21","14,817.74","14,539.88","996.26M","-2.83%"
"2021- 09- 27","14,969.97","14,954.17","15,003.16","14,864.96","894.61M","-0.52%"
"2021- 09- 24","15,047.70","14,961.61","15,067.56","14,946.57","773.44M","-0.03%"
"2021- 09- 23","15,052.24","14,960.00","15,085.44","14,932.51","788.23M","1.04%"
"2021- 09- 22","14,896.85","14,800.59","14,950.12","14,767.01","831.12M","1.02%"
"2021- 09- 21","14,746.40","14,803.36","14,847.03","14,696.47","873.64M","0.22%"
"2021- 09- 20","14,713.90","14,758.14","14,841.82","14,530.07","1.10B","-2.19%"
"2021- 09- 17","15,043.97","15,163.35","15,166.56","14,998.73","2.75B","-0.91%"
"2021- 09- 16","15,181.92","15,120.09","15,205.50","15,047.14","833.07M","0.13%"
"2021- 09- 15","15,161.53","15,071.34","15,174.38","14,984.68","987.75M","0.82%"
"2021- 09- 14","15,037.76","15,168.45","15,181.19","15,008.30","884.51M","-0.45%"
"2021- 09- 13","15,105.58","15,211.43","15,215.44","15,030.85","943.77M","-0.07%"
"2021- 09- 10","15,115.49","15,332.92","15,349.47","15,111.31","889.08M","-0.87%"
"2021- 09- 09","15,248.25","15,296.06","15,352.38","15,245.17","793.92M","-0.25%"
"2021- 09- 08","15,286.64","15,360.35","15,360.35","15,206.61","799.13M","-0.57%"
"2021- 09- 07","15,374.33","15,375.98","15,403.44","15,343.28","813.76M","0.07%"
"2021- 09- 03","15,363.52","15,313.42","15,375.56","15,283.67","713.30M","0.21%"
"2021- 09- 02","15,331.18","15,358.47","15,380.07","15,285.35","771.82M","0.14%"
"2021- 09- 01","15,309.38","15,308.98","15,379.50","15,302.11","836.30M","0.33%"
"2021- 08- 31","15,259.24","15,262.88","15,278.96","15,202.67","981.94M","-0.04%"
"2021- 08- 30","15,265.89","15,165.94","15,288.08","15,165.12","807.58M","0.90%"
"2021- 08- 27","15,129.50","14,969.76","15,144.48","14,966.52","857.20M","1.23%"
"2021- 08- 26","14,945.81","15,025.17","15,059.63","14,939.56","698.67M","-0.64%"
"2021- 08- 25","15,041.86","15,039.03","15,059.43","15,011.58","760.11M","0.15%"
"2021- 08- 24","15,019.80","14,978.14","15,034.89","14,965.54","737.23M","0.52%"
"2021- 08- 23","14,942.65","14,776.98","14,963.47","14,776.98","782.67M","1.55%"
"2021- 08- 20","14,714.66","14,571.53","14,722.16","14,571.53","828.73M","1.19%"
"2021- 08- 19","14,541.79","14,423.16","14,610.76","14,423.16","841.84M","0.11%"
"2021- 08- 18","14,525.91","14,636.24","14,697.25","14,516.30","764.92M","-0.89%"
"2021- 08- 17","14,656.18","14,670.56","14,716.95","14,550.88","797.61M","-0.93%"
"2021- 08- 16","14,793.76","14,771.53","14,794.68","14,610.02","774.04M","-0.20%"
"2021- 08- 13","14,822.90","14,825.07","14,850.61","14,797.22","774.68M","0.04%"
"2021- 08- 12","14,816.26","14,751.36","14,824.31","14,698.94","783.88M","0.35%"
"2021- 08- 11","14,765.14","14,834.38","14,842.50","14,692.41","787.41M","-0.16%"
"2021- 08- 10","14,788.09","14,887.75","14,894.61","14,754.48","781.07M","-0.49%"
"2021- 08- 09","14,860.18","14,855.75","14,883.81","14,802.69","801.12M","0.16%"
"2021- 08- 06","14,835.76","14,864.22","14,890.18","14,788.59","817.60M","-0.40%"
"2021- 08- 05","14,895.12","14,794.08","14,896.48","14,776.03","842.72M","0.78%"
"2021- 08- 04","14,780.53","14,747.21","14,812.37","14,734.12","875.56M","0.13%"
"2021- 08- 03","14,761.30","14,714.00","14,762.60","14,584.09","831.95M","0.55%"
"2021- 08- 02","14,681.07","14,758.60","14,770.41","14,665.67","752.76M","0.06%"
"2021- 07- 30","14,672.68","14,615.85","14,728.78","14,615.85","788.21M","-0.71%"
"2021- 07- 29","14,778.26","14,771.17","14,833.74","14,761.38","760.01M","0.11%"
"2021- 07- 28","14,762.58","14,715.66","14,798.88","14,645.63","839.14M","0.70%"
"2021- 07- 27","14,660.58","14,807.95","14,811.08","14,503.76","885.24M","-1.21%"
"2021- 07- 26","14,840.71","14,821.03","14,863.65","14,790.49","850.81M","0.03%"
"2021- 07- 23","14,836.99","14,753.06","14,846.06","14,698.77","758.41M","1.04%"
"2021- 07- 22","14,684.60","14,652.72","14,694.19","14,617.87","712.06M","0.36%"
"2021- 07- 21","14,631.95","14,508.75","14,633.15","14,498.65","801.83M","0.92%"
"2021- 07- 20","14,498.88","14,330.46","14,555.75","14,271.23","1.03B","1.57%"
"2021- 07- 19","14,274.98","14,235.98","14,313.60","14,178.66","916.44M","-1.06%"
"2021- 07- 16","14,427.24","14,597.51","14,623.02","14,413.32","811.42M","-0.80%"
"2021- 07- 15","14,543.13","14,635.78","14,650.38","14,451.80","832.92M","-0.70%"
"2021- 07- 14","14,644.95","14,780.90","14,790.55","14,632.95","862.70M","-0.22%"
"2021- 07- 13","14,677.65","14,715.13","14,803.68","14,660.19","805.39M","-0.38%"
"2021- 07- 12","14,733.24","14,743.86","14,761.08","14,672.63","753.86M","0.21%"
"2021- 07- 09","14,701.92","14,578.43","14,710.20","14,552.26","756.93M","0.98%"
"2021- 07- 08","14,559.78","14,409.20","14,610.06","14,371.59","920.12M","-0.72%"
"2021- 07- 07","14,665.06","14,753.42","14,755.33","14,580.79","889.86M","0.01%"
"2021- 07- 06","14,663.64","14,661.55","14,687.00","14,529.80","909.25M","0.17%"
"2021- 07- 02","14,639.33","14,582.98","14,649.11","14,555.33","724.36M","0.81%"
"2021- 07- 01","14,522.38","14,493.69","14,533.55","14,439.40","843.43M","0.13%"
"2021- 06- 30","14,503.95","14,509.85","14,526.81","14,478.06","1.08B","-0.17%"
"2021- 06- 29","14,528.33","14,509.19","14,535.97","14,471.38","908.40M","0.19%"
"2021- 06- 28","14,500.51","14,417.81","14,505.19","14,417.20","898.05M","0.98%"
"2021- 06- 25","14,360.39","14,400.81","14,409.08","14,337.65","3.12B","-0.06%"
"2021- 06- 24","14,369.71","14,357.26","14,414.46","14,333.70","807.04M","0.69%"
"2021- 06- 23","14,271.73","14,263.38","14,317.66","14,246.30","852.78M","0.13%"
"2021- 06- 22","14,253.27","14,138.29","14,269.77","14,121.00","891.23M","0.79%"
"2021- 06- 21","14,141.48","14,047.42","14,150.78","13,960.04","969.70M","0.79%"
"2021- 06- 18","14,030.38","14,096.93","14,129.22","14,009.03","2.14B","-0.92%"
"2021- 06- 17","14,161.35","13,999.13","14,196.21","13,998.93","990.64M","0.87%"
"2021- 06- 16","14,039.68","14,085.55","14,129.69","13,903.73","981.27M","-0.24%"
"2021- 06- 15","14,072.86","14,166.64","14,171.02","14,052.16","880.03M","-0.71%"
"2021- 06- 14","14,174.14","14,083.47","14,175.45","14,056.67","895.43M","0.74%"
"2021- 06- 11","14,069.42","14,030.85","14,069.42","14,006.59","824.12M","0.35%"
"2021- 06- 10","14,020.33","13,933.88","14,031.19","13,904.40","929.35M","0.78%"
"2021- 06- 09","13,911.75","13,980.23","14,003.50","13,906.45","1.09B","-0.09%"
"2021- 06- 08","13,924.91","13,946.32","13,981.72","13,831.98","1.17B","0.31%"
"2021- 06- 07","13,881.72","13,802.82","13,889.11","13,784.89","916.97M","0.49%"
"2021- 06- 04","13,814.49","13,697.25","13,826.82","13,692.01","806.24M","1.47%"
"2021- 06- 03","13,614.51","13,655.75","13,684.13","13,548.93","1.02B","-1.03%"
"2021- 06- 02","13,756.33","13,743.24","13,775.89","13,689.74","996.75M","0.14%"
"2021- 06- 01","13,736.48","13,829.06","13,836.17","13,678.76","884.82M","-0.09%"
"2021- 05- 28","13,748.74","13,792.05","13,820.87","13,747.61","911.24M","0.09%"
"2021- 05- 27","13,736.28","13,742.58","13,776.52","13,701.62","1.41B","-0.01%"
"2021- 05- 26","13,738.00","13,693.94","13,750.16","13,679.59","819.71M","0.59%"
"2021- 05- 25","13,657.17","13,721.54","13,751.14","13,631.80","823.66M","-0.03%"
"2021- 05- 24","13,661.17","13,557.21","13,708.85","13,551.01","730.82M","1.41%"
"2021- 05- 21","13,470.99","13,616.19","13,616.58","13,463.26","786.55M","-0.48%"
"2021- 05- 20","13,535.74","13,356.63","13,563.52","13,355.71","810.41M","1.77%"
"2021- 05- 19","13,299.74","13,078.19","13,304.61","13,072.23","879.29M","-0.03%"
"2021- 05- 18","13,303.64","13,416.90","13,485.34","13,299.92","852.73M","-0.56%"
"2021- 05- 17","13,379.05","13,368.80","13,399.17","13,265.40","799.86M","-0.38%"
"2021- 05- 14","13,429.98","13,255.65","13,460.88","13,242.97","854.90M","2.32%"
"2021- 05- 13","13,124.99","13,150.94","13,247.87","13,007.24","986.83M","0.72%"
"2021- 05- 12","13,031.68","13,215.49","13,288.61","13,002.53","985.26M","-2.67%"
"2021- 05- 11","13,389.43","13,115.85","13,423.31","13,107.67","983.05M","-0.09%"
"2021- 05- 10","13,401.86","13,687.59","13,687.93","13,401.75","1.02B","-2.55%"
"2021- 05- 07","13,752.24","13,723.09","13,828.62","13,690.75","873.19M","0.88%"
"2021- 05- 06","13,632.84","13,557.83","13,635.74","13,439.39","1.04B","0.37%"
"2021- 05- 05","13,582.42","13,731.13","13,753.05","13,553.93","909.08M","-0.37%"
"2021- 05- 04","13,633.50","13,774.51","13,795.57","13,485.59","1.09B","-1.88%"
"2021- 05- 03","13,895.12","14,031.77","14,042.12","13,881.51","919.69M","-0.48%"
"2021- 04- 30","13,962.68","13,970.73","14,084.76","13,941.63","1.02B","-0.85%"
"2021- 04- 29","14,082.55","14,204.51","14,211.57","13,952.80","994.15M","0.22%"
"2021- 04- 28","14,051.03","14,082.78","14,133.65","14,034.70","861.23M","-0.28%"
"2021- 04- 27","14,090.22","14,170.91","14,171.24","14,064.28","871.20M","-0.34%"
"2021- 04- 26","14,138.78","14,052.38","14,154.03","14,019.50","867.75M","0.87%"
"2021- 04- 23","14,016.81","13,861.37","14,062.74","13,856.83","843.30M","1.44%"
"2021- 04- 22","13,818.41","13,952.57","14,015.87","13,771.04","871.28M","-0.94%"
"2021- 04- 21","13,950.22","13,745.77","13,951.35","13,706.86","819.76M","1.19%"
"2021- 04- 20","13,786.27","13,894.46","13,927.67","13,698.67","875.27M","-0.92%"
"2021- 04- 19","13,914.77","13,984.58","14,041.79","13,842.57","907.06M","-0.98%"
"2021- 04- 16","14,052.34","14,059.11","14,062.50","13,977.05","962.78M","0.10%"
"2021- 04- 15","14,038.76","13,983.23","14,049.13","13,970.42","867.56M","1.31%"
"2021- 04- 14","13,857.84","14,004.08","14,033.63","13,839.04","812.85M","-0.99%"
"2021- 04- 13","13,996.10","13,902.45","14,011.51","13,902.45","839.45M","1.05%"
"2021- 04- 12","13,850.00","13,854.44","13,877.00","13,783.95","894.01M","-0.36%"
"2021- 04- 09","13,900.19","13,787.01","13,905.41","13,748.35","785.76M","0.51%"
"2021- 04- 08","13,829.31","13,796.89","13,830.14","13,758.71","870.91M","1.03%"
"2021- 04- 07","13,688.84","13,675.30","13,733.03","13,653.58","819.48M","-0.07%"
"2021- 04- 06","13,698.38","13,681.67","13,776.71","13,674.28","870.63M","-0.05%"
"2021- 04- 05","13,705.59","13,594.90","13,720.58","13,582.75","916.61M","1.67%"
"2021- 04- 01","13,480.11","13,414.33","13,487.08","13,404.18","939.16M","1.76%"
"2021- 03- 31","13,246.87","13,122.57","13,325.54","13,118.38","1.21B","1.54%"
"2021- 03- 30","13,045.39","13,008.80","13,075.75","12,922.57","983.51M","-0.11%"
"2021- 03- 29","13,059.65","13,103.97","13,143.41","12,968.16","1.06B","-0.60%"
"2021- 03- 26","13,138.72","12,996.03","13,149.55","12,878.72","1.14B","1.24%"
"2021- 03- 25","12,977.68","12,844.58","13,021.86","12,786.81","1.17B","0.12%"
"2021- 03- 24","12,961.89","13,289.24","13,292.92","12,961.35","1.19B","-2.01%"
"2021- 03- 23","13,227.70","13,381.43","13,405.15","13,202.43","1.19B","-1.12%"
"2021- 03- 22","13,377.54","13,278.78","13,455.64","13,278.78","1.11B","1.23%"
"2021- 03- 19","13,215.24","13,119.90","13,252.37","13,039.45","2.93B","0.76%"
"2021- 03- 18","13,116.17","13,349.20","13,384.46","13,101.92","1.22B","-3.02%"
"2021- 03- 17","13,525.20","13,336.92","13,595.00","13,272.69","1.18B","0.40%"
"2021- 03- 16","13,471.57","13,523.17","13,620.71","13,397.08","1.10B","0.09%"
"2021- 03- 15","13,459.71","13,323.47","13,460.35","13,272.50","1.13B","1.05%"
"2021- 03- 12","13,319.86","13,222.81","13,324.69","13,158.72","1.09B","-0.59%"
"2021- 03- 11","13,398.67","13,273.31","13,433.62","13,246.33","1.19B","2.52%"
"2021- 03- 10","13,068.83","13,234.73","13,277.10","13,035.44","1.22B","-0.04%"
"2021- 03- 09","13,073.82","12,923.07","13,151.54","12,882.49","1.28B","3.69%"
"2021- 03- 08","12,609.16","12,904.26","13,001.00","12,599.23","1.27B","-2.41%"
"2021- 03- 05","12,920.15","12,860.04","12,941.21","12,397.05","1.56B","1.55%"
"2021- 03- 04","12,723.47","12,953.99","13,068.71","12,553.96","1.58B","-2.11%"
"2021- 03- 03","12,997.75","13,336.25","13,372.52","12,995.07","1.16B","-2.70%"
"2021- 03- 02","13,358.79","13,599.45","13,601.33","13,352.00","1.08B","-1.69%"
"2021- 03- 01","13,588.83","13,406.16","13,596.59","13,362.66","1.10B","3.01%"
"2021- 02- 26","13,192.35","13,232.90","13,368.06","13,024.53","1.44B","0.56%"
"2021- 02- 25","13,119.43","13,512.64","13,602.86","13,066.38","1.33B","-3.52%"
"2021- 02- 24","13,597.97","13,400.25","13,607.36","13,286.59","1.24B","0.99%"
"2021- 02- 23","13,465.20","13,262.61","13,526.09","13,003.98","1.64B","-0.50%"
"2021- 02- 22","13,533.05","13,714.20","13,757.06","13,530.96","1.37B","-2.46%"
"2021- 02- 19","13,874.47","13,929.20","13,985.58","13,842.60","1.31B","0.07%"
"2021- 02- 18","13,865.36","13,814.67","13,905.96","13,714.35","1.24B","-0.72%"
"2021- 02- 17","13,965.50","13,911.65","13,976.43","13,804.26","1.35B","-0.58%"
"2021- 02- 16","14,047.50","14,152.22","14,175.11","13,995.45","1.49B","-0.34%"
"2021- 02- 12","14,095.47","13,979.21","14,102.04","13,937.71","1.32B","0.50%"
"2021- 02- 11","14,025.77","14,045.21","14,058.91","13,916.84","1.98B","0.38%"
"2021- 02- 10","13,972.53","14,093.35","14,109.12","13,845.47","1.83B","-0.25%"
"2021- 02- 09","14,007.70","13,966.82","14,044.95","13,966.55","1.52B","0.14%"
"2021- 02- 08","13,987.64","13,937.06","13,987.74","13,894.15","1.61B","0.95%"
"2021- 02- 05","13,856.30","13,824.88","13,878.16","13,761.66","1.26B","0.57%"
"2021- 02- 04","13,777.74","13,674.06","13,778.42","13,631.62","1.29B","1.23%"
"2021- 02- 03","13,610.54","13,718.31","13,723.83","13,585.34","1.36B","-0.02%"
"2021- 02- 02","13,612.78","13,543.10","13,652.69","13,535.86","1.43B","1.56%"
"2021- 02- 01","13,403.39","13,226.18","13,431.46","13,132.47","1.39B","2.55%"
"2021- 01- 29","13,070.69","13,284.72","13,322.00","12,985.05","1.78B","-2.00%"
"2021- 01- 28","13,337.16","13,323.29","13,507.64","13,316.52","2.16B","0.50%"
"2021- 01- 27","13,270.60","13,486.58","13,538.42","13,192.91","2.19B","-2.61%"
"2021- 01- 26","13,626.07","13,681.72","13,702.69","13,603.19","1.25B","-0.07%"
"2021- 01- 25","13,635.99","13,681.21","13,728.98","13,368.68","1.43B","0.69%"
"2021- 01- 22","13,543.06","13,474.81","13,567.14","13,463.66","1.13B","0.09%"
"2021- 01- 21","13,530.92","13,521.48","13,560.35","13,454.08","1.34B","0.55%"
"2021- 01- 20","13,457.25","13,342.55","13,486.13","13,329.77","1.29B","1.97%"
"2021- 01- 19","13,197.18","13,132.73","13,206.86","13,078.70","1.22B","1.53%"
"2021- 01- 15","12,998.50","13,099.90","13,139.83","12,949.76","1.26B","-0.87%"
"2021- 01- 14","13,112.64","13,174.75","13,220.16","13,098.41","1.21B","-0.12%"
"2021- 01- 13","13,128.95","13,088.01","13,171.15","13,051.07","1.27B","0.43%"
"2021- 01- 12","13,072.43","13,062.06","13,105.04","12,963.92","1.25B","0.28%"
"2021- 01- 11","13,036.43","13,048.78","13,138.27","12,999.51","1.24B","-1.25%"
"2021- 01- 08","13,201.98","13,160.22","13,208.09","13,036.55","1.33B","1.03%"
"2021- 01- 07","13,067.48","12,867.34","13,090.91","12,867.34","1.25B","2.56%"
"2021- 01- 06","12,740.79","12,666.15","12,909.63","12,649.99","1.45B","-0.61%"
"2021- 01- 05","12,818.96","12,665.65","12,828.27","12,665.65","1.21B","0.95%"
"2021- 01- 04","12,698.45","12,958.52","12,958.73","12,543.24","1.27B","-1.47%"